O*NET-SOC Code,Occupation (O*NET-SOC Title),Task ID,Task,Task Type,Date,Category,Frequency,Importance,Relevance,Occupation Mean Annual Wage,Occupation Employment,Skill (O*NET Work Activity),Skill ID (O*NET Generalized Work Activity ID)
15-1211.00,Computer Systems Analysts,20950,Troubleshoot program and system malfunctions to restore normal functioning.,Core,Aug-23,3,3,4.24,98.82,111960.0,497800.0,['Working with Computers'],['4.A.3.b.1']
15-1211.00,Computer Systems Analysts,3465,"Test, maintain, and monitor computer programs and systems, including coordinating the installation of computer programs and systems.",Core,Aug-23,5,5,4.0,90.01,111960.0,497800.0,"['Monitoring Processes, Materials, or Surroundings', 'Inspecting Equipment, Structures, or Materials', 'Guiding, Directing, and Motivating Subordinates']","['4.A.1.a.2', '4.A.1.b.2', '4.A.4.b.4']"
15-1211.00,Computer Systems Analysts,3482,"Use the computer in the analysis and solution of business problems, such as development of integrated production and inventory control and cost analysis systems.",Core,Aug-23,5,5,3.97,90.87,111960.0,497800.0,['Thinking Creatively'],['4.A.2.b.2']
15-1211.00,Computer Systems Analysts,3466,"Use object-oriented programming languages, as well as client and server applications development processes and multimedia and Internet technology.",Core,Aug-23,6,6,3.71,88.2,111960.0,497800.0,['Working with Computers'],['4.A.3.b.1']
15-1211.00,Computer Systems Analysts,3474,"Analyze information processing or computation needs and plan and design computer systems, using techniques such as structured analysis, data modeling, and information engineering.",Core,Aug-23,5,5,3.6,78.19,111960.0,497800.0,"['Analyzing Data or Information', 'Thinking Creatively']","['4.A.2.a.4', '4.A.2.b.2']"
15-1211.00,Computer Systems Analysts,3484,Specify inputs accessed by the system and plan the distribution and use of the results.,Core,Aug-23,4,4,3.48,71.13,111960.0,497800.0,"['Making Decisions and Solving Problems', 'Thinking Creatively']","['4.A.2.b.1', '4.A.2.b.2']"
15-1211.00,Computer Systems Analysts,3470,Expand or modify system to serve new purposes or improve work flow.,Core,Aug-23,3,3,3.47,85.73,111960.0,497800.0,['Thinking Creatively'],['4.A.2.b.2']
15-1211.00,Computer Systems Analysts,3480,"Read manuals, periodicals, and technical reports to learn how to develop programs that meet staff and user requirements.",Core,Aug-23,3,3,3.21,76.98,111960.0,497800.0,['Getting Information'],['4.A.1.a.1']
15-1211.00,Computer Systems Analysts,3478,"Review and analyze computer printouts and performance indicators to locate code problems, and correct errors by correcting codes.",Supplemental,Aug-23,3,3,3.6,65.95,111960.0,497800.0,['Analyzing Data or Information'],['4.A.2.a.4']
15-1211.01,Health Informatics Specialists,18090,"Translate nursing practice information between nurses and systems engineers, analysts, or designers, using object-oriented models or other techniques.",Core,Aug-24,3,3,4.81,100.0,,,"['Communicating with Supervisors, Peers, or Subordinates']",['4.A.4.a.2']
15-1211.01,Health Informatics Specialists,18092,Use informatics science to design or implement health information technology applications for resolution of clinical or health care administrative problems.,Core,Aug-24,6,6,4.71,100.0,,,['Thinking Creatively'],['4.A.2.b.2']
15-1211.01,Health Informatics Specialists,18094,"Analyze and interpret patient, nursing, or information systems data to improve nursing services.",Core,Aug-24,5,5,4.33,100.0,,,['Analyzing Data or Information'],['4.A.2.a.4']
15-1211.01,Health Informatics Specialists,18101,"Identify, collect, record, or analyze data relevant to the nursing care of patients.",Core,Aug-24,5,5,4.24,100.0,,,"['Analyzing Data or Information', 'Documenting/Recording Information']","['4.A.2.a.4', '4.A.3.b.6']"
15-1211.01,Health Informatics Specialists,18093,"Develop, implement, or evaluate health information technology applications, tools, processes, or structures to assist nurses with data management.",Core,Aug-24,3,3,4.15,100.0,,,"['Judging the Qualities of Objects, Services, or People', 'Thinking Creatively']","['4.A.2.a.1', '4.A.2.b.2']"
15-1211.01,Health Informatics Specialists,18088,"Design, develop, select, test, implement, and evaluate new or modified informatics solutions, data structures, and decision-support mechanisms to support patients, health care professionals, and their information management and human-computer and human-technology interactions within health care contexts.",Core,Aug-24,4,4,4.14,100.0,,,"['Inspecting Equipment, Structures, or Materials', 'Judging the Qualities of Objects, Services, or People', 'Thinking Creatively']","['4.A.1.b.2', '4.A.2.a.1', '4.A.2.b.2']"
15-1211.01,Health Informatics Specialists,18095,"Analyze computer and information technologies to determine applicability to nursing practice, education, administration, and research.",Core,Aug-24,5,5,3.9,100.0,,,"['Judging the Qualities of Objects, Services, or People']",['4.A.2.a.1']
15-1211.01,Health Informatics Specialists,18100,"Develop strategies, policies or procedures for introducing, evaluating, or modifying information technology applied to nursing practice, administration, education, or research.",Core,Aug-24,3,3,3.81,100.0,,,['Developing Objectives and Strategies'],['4.A.2.b.4']
15-1211.01,Health Informatics Specialists,18103,Provide consultation to nurses regarding hardware or software configuration.,Core,Aug-24,3,3,3.43,100.0,,,['Providing Consultation and Advice to Others'],['4.A.4.b.6']
15-1212.00,Information Security Analysts,5314,"Develop plans to safeguard computer files against accidental or unauthorized modification, destruction, or disclosure and to meet emergency data processing needs.",Core,Aug-18,4,4,4.4,97.12,127730.0,179430.0,['Developing Objectives and Strategies'],['4.A.2.b.4']
15-1212.00,Information Security Analysts,5316,Monitor current reports of computer viruses to determine when to update virus protection systems.,Core,Aug-18,5,5,4.23,82.36,127730.0,179430.0,['Updating and Using Relevant Knowledge'],['4.A.2.b.3']
15-1212.00,Information Security Analysts,5317,"Modify computer security files to incorporate new software, correct errors, or change individual access status.",Core,Aug-18,3,3,4.1,88.02,127730.0,179430.0,['Working with Computers'],['4.A.3.b.1']
15-1212.00,Information Security Analysts,5322,"Document computer security and emergency measures policies, procedures, and tests.",Core,Aug-18,3,3,3.94,99.23,127730.0,179430.0,['Documenting/Recording Information'],['4.A.3.b.6']
15-1212.00,Information Security Analysts,5319,Monitor use of data files and regulate access to safeguard information in computer files.,Core,Aug-18,5,5,3.89,88.34,127730.0,179430.0,"['Monitoring Processes, Materials, or Surroundings']",['4.A.1.a.2']
15-1221.00,Computer and Information Research Scientists,14623,Analyze problems to develop solutions involving computer hardware and software.,Core,Aug-19,5,5,4.24,96.77,152310.0,38480.0,['Analyzing Data or Information'],['4.A.2.a.4']
15-1221.00,Computer and Information Research Scientists,14626,"Apply theoretical expertise and innovation to create or apply new technology, such as adapting principles for applying computers to new uses.",Core,Aug-19,5,5,3.89,83.84,152310.0,38480.0,['Thinking Creatively'],['4.A.2.b.2']
15-1221.00,Computer and Information Research Scientists,14624,Assign or schedule tasks to meet work priorities and goals.,Core,Aug-19,3,3,3.76,82.77,152310.0,38480.0,"['Guiding, Directing, and Motivating Subordinates']",['4.A.4.b.4']
15-1221.00,Computer and Information Research Scientists,14633,Design computers and the software that runs them.,Core,Aug-19,7,7,3.63,80.36,152310.0,38480.0,['Thinking Creatively'],['4.A.2.b.2']
15-1221.00,Computer and Information Research Scientists,14625,Evaluate project plans and proposals to assess feasibility issues.,Core,Aug-19,3,3,3.46,83.23,152310.0,38480.0,"['Judging the Qualities of Objects, Services, or People']",['4.A.2.a.1']
15-1221.00,Computer and Information Research Scientists,14636,"Approve, prepare, monitor, and adjust operational budgets.",Supplemental,Aug-19,3,3,2.77,63.71,152310.0,38480.0,"['Guiding, Directing, and Motivating Subordinates']",['4.A.4.b.4']
15-1231.00,Computer Network Support Specialists,19004,Back up network data.,Core,Jul-14,5,5,4.44,90.62,79610.0,146450.0,['Working with Computers'],['4.A.3.b.1']
15-1231.00,Computer Network Support Specialists,18991,Configure security settings or access permissions for groups or individuals.,Core,Jul-14,5,5,4.37,94.8,79610.0,146450.0,['Working with Computers'],['4.A.3.b.1']
15-1231.00,Computer Network Support Specialists,19003,Analyze and report computer network security breaches or attempted breaches.,Core,Jul-14,3,3,4.26,82.28,79610.0,146450.0,['Analyzing Data or Information'],['4.A.2.a.4']
15-1231.00,Computer Network Support Specialists,18993,Document network support activities.,Core,Jul-14,5,5,4.09,92.33,79610.0,146450.0,['Documenting/Recording Information'],['4.A.3.b.6']
15-1231.00,Computer Network Support Specialists,18992,Configure wide area network (WAN) or local area network (LAN) routers or related equipment.,Core,Jul-14,3,3,4.04,81.82,79610.0,146450.0,['Working with Computers'],['4.A.3.b.1']
15-1231.00,Computer Network Support Specialists,19002,Troubleshoot network or connectivity problems for users or user groups.,Core,Jul-14,3,3,3.96,91.65,79610.0,146450.0,['Working with Computers'],['4.A.3.b.1']
15-1231.00,Computer Network Support Specialists,19010,Provide telephone support related to networking or connectivity issues.,Core,Jul-14,5,5,3.96,89.29,79610.0,146450.0,['Providing Consultation and Advice to Others'],['4.A.4.b.6']
15-1231.00,Computer Network Support Specialists,18994,"Evaluate local area network (LAN) or wide area network (WAN) performance data to ensure sufficient availability or speed, to identify network problems, or for disaster recovery purposes.",Core,Jul-14,5,5,3.96,81.76,79610.0,146450.0,"['Inspecting Equipment, Structures, or Materials']",['4.A.1.b.2']
15-1231.00,Computer Network Support Specialists,18989,"Analyze network data to determine network usage, disk space availability, or server function.",Core,Jul-14,5,5,3.94,96.97,79610.0,146450.0,"['Monitoring Processes, Materials, or Surroundings', 'Analyzing Data or Information']","['4.A.1.a.2', '4.A.2.a.4']"
15-1231.00,Computer Network Support Specialists,19001,"Test computer software or hardware, using standard diagnostic testing equipment and procedures.",Core,Jul-14,3,3,3.67,85.94,79610.0,146450.0,"['Inspecting Equipment, Structures, or Materials']",['4.A.1.b.2']
15-1231.00,Computer Network Support Specialists,19009,"Monitor industry Web sites or publications for information about patches, releases, viruses, or potential problem identification.",Core,Jul-14,3,3,3.66,82.7,79610.0,146450.0,['Updating and Using Relevant Knowledge'],['4.A.2.b.3']
15-1231.00,Computer Network Support Specialists,19006,Create or update technical documentation for network installations or changes to existing installations.,Core,Jul-14,4,4,3.61,84.53,79610.0,146450.0,['Documenting/Recording Information'],['4.A.3.b.6']
15-1231.00,Computer Network Support Specialists,19014,Train users in procedures related to network applications software or related systems.,Core,Jul-14,4,4,3.58,80.46,79610.0,146450.0,['Training and Teaching Others'],['4.A.4.b.3']
15-1231.00,Computer Network Support Specialists,19008,Maintain logs of network activity.,Core,Jul-14,5,5,3.44,75.57,79610.0,146450.0,['Documenting/Recording Information'],['4.A.3.b.6']
15-1231.00,Computer Network Support Specialists,19007,Document help desk requests and resolutions.,Core,Jul-14,5,5,3.43,82.57,79610.0,146450.0,['Documenting/Recording Information'],['4.A.3.b.6']
15-1231.00,Computer Network Support Specialists,19011,Research hardware or software products to meet technical networking or security needs.,Core,Jul-14,4,4,3.34,86.33,79610.0,146450.0,['Getting Information'],['4.A.1.a.1']
15-1231.00,Computer Network Support Specialists,19012,Run monthly network reports.,Core,Jul-14,3,3,3.05,74.12,79610.0,146450.0,['Documenting/Recording Information'],['4.A.3.b.6']
15-1232.00,Computer User Support Specialists,1285,Oversee the daily performance of computer systems.,Core,Aug-23,5,5,3.99,87.52,64990.0,697210.0,"['Monitoring Processes, Materials, or Surroundings']",['4.A.1.a.2']
15-1232.00,Computer User Support Specialists,1288,"Read technical manuals, confer with users, or conduct computer diagnostics to investigate and resolve problems or to provide technical assistance and support.",Core,Aug-23,6,6,3.94,100.0,64990.0,697210.0,"['Getting Information', 'Working with Computers', 'Communicating with Supervisors, Peers, or Subordinates']","['4.A.1.a.1', '4.A.3.b.1', '4.A.4.a.2']"
15-1232.00,Computer User Support Specialists,1282,Answer user inquiries regarding computer software or hardware operation to resolve problems.,Core,Aug-23,7,7,3.79,99.06,64990.0,697210.0,['Providing Consultation and Advice to Others'],['4.A.4.b.6']
15-1232.00,Computer User Support Specialists,1283,Enter commands and observe system functioning to verify correct operations and detect errors.,Core,Aug-23,5,5,3.57,83.18,64990.0,697210.0,"['Inspecting Equipment, Structures, or Materials']",['4.A.1.b.2']
15-1232.00,Computer User Support Specialists,1287,"Maintain records of daily data communication transactions, problems and remedial actions taken, or installation activities.",Core,Aug-23,5,5,3.47,97.96,64990.0,697210.0,['Documenting/Recording Information'],['4.A.3.b.6']
15-1232.00,Computer User Support Specialists,1292,"Prepare evaluations of software or hardware, and recommend improvements or upgrades.",Core,Aug-23,3,3,3.39,97.96,64990.0,697210.0,"['Judging the Qualities of Objects, Services, or People', 'Providing Consultation and Advice to Others']","['4.A.2.a.1', '4.A.4.b.6']"
15-1232.00,Computer User Support Specialists,1290,"Develop training materials and procedures, or train users in the proper use of hardware or software.",Core,Aug-23,3,3,3.3,100.0,64990.0,697210.0,['Training and Teaching Others'],['4.A.4.b.3']
15-1241.00,Computer Network Architects,18965,Develop and implement solutions for network problems.,Core,Aug-24,4,4,4.2,100.0,135890.0,177010.0,['Working with Computers'],['4.A.3.b.1']
15-1241.00,Computer Network Architects,18977,"Maintain networks by performing activities such as file addition, deletion, or backup.",Core,Aug-24,5,5,4.16,100.0,135890.0,177010.0,['Repairing and Maintaining Mechanical Equipment'],['4.A.3.b.4']
15-1241.00,Computer Network Architects,18979,"Monitor and analyze network performance and reports on data input or output to detect problems, identify inefficient use of computer resources, or perform capacity planning.",Core,Aug-24,5,5,3.9,100.0,135890.0,177010.0,"['Monitoring Processes, Materials, or Surroundings', 'Analyzing Data or Information']","['4.A.1.a.2', '4.A.2.a.4']"
15-1241.00,Computer Network Architects,18974,Estimate time and materials needed to complete projects.,Core,Aug-24,3,3,3.44,90.0,135890.0,177010.0,"['Estimating the Quantifiable Characteristics of Products, Events, or Information']",['4.A.1.b.3']
15-1241.01,Telecommunications Engineering Specialists,16063,"Review and evaluate requests from engineers, managers, and technicians for system modifications.",Core,Aug-20,3,3,4.15,100.0,,,"['Judging the Qualities of Objects, Services, or People']",['4.A.2.a.1']
15-1241.01,Telecommunications Engineering Specialists,16081,"Communicate with telecommunications vendors to obtain pricing and technical specifications for available hardware, software, or services.",Core,Aug-20,3,3,4.05,100.0,,,['Getting Information'],['4.A.1.a.1']
15-1241.01,Telecommunications Engineering Specialists,20366,"Instruct in use of voice, video, and data communications systems.",Core,Aug-20,4,4,3.88,80.95,,,['Training and Teaching Others'],['4.A.4.b.3']
15-1241.01,Telecommunications Engineering Specialists,16059,Estimate costs for system or component implementation and operation.,Core,Aug-20,3,3,3.67,100.0,,,"['Estimating the Quantifiable Characteristics of Products, Events, or Information']",['4.A.1.b.3']
15-1241.01,Telecommunications Engineering Specialists,16065,Prepare system activity and performance reports.,Core,Aug-20,3,3,3.25,76.19,,,['Documenting/Recording Information'],['4.A.3.b.6']
15-1241.01,Telecommunications Engineering Specialists,16075,"Implement controls to provide security for operating systems, software, and data.",Supplemental,Aug-20,3,3,4.14,66.67,,,['Working with Computers'],['4.A.3.b.1']
15-1241.01,Telecommunications Engineering Specialists,16070,Manage user access to systems and equipment through account management and password administration.,Supplemental,Aug-20,5,5,4.0,57.14,,,['Working with Computers'],['4.A.3.b.1']
15-1242.00,Database Administrators,1299,Modify existing databases and database management systems or direct programmers and analysts to make changes.,Core,Aug-23,3,3,4.0,100.0,107440.0,73180.0,"['Thinking Creatively', 'Working with Computers']","['4.A.2.b.2', '4.A.3.b.1']"
15-1242.00,Database Administrators,1301,"Plan, coordinate, and implement security measures to safeguard information in computer files against accidental or unauthorized damage, modification or disclosure.",Core,Aug-23,3,3,3.93,82.45,107440.0,73180.0,"['Developing Objectives and Strategies', 'Working with Computers']","['4.A.2.b.4', '4.A.3.b.1']"
15-1242.00,Database Administrators,1305,Specify users and user access levels for each segment of database.,Core,Aug-23,3,3,3.8,86.81,107440.0,73180.0,['Working with Computers'],['4.A.3.b.1']
15-1242.00,Database Administrators,1300,"Test programs or databases, correct errors, and make necessary modifications.",Core,Aug-23,5,5,3.68,99.48,107440.0,73180.0,"['Judging the Qualities of Objects, Services, or People', 'Thinking Creatively']","['4.A.2.a.1', '4.A.2.b.2']"
15-1242.00,Database Administrators,1313,"Write and code logical and physical database descriptions and specify identifiers of database to management system, or direct others in coding descriptions.",Core,Aug-23,4,4,3.15,95.17,107440.0,73180.0,"['Thinking Creatively', 'Working with Computers']","['4.A.2.b.2', '4.A.3.b.1']"
15-1242.00,Database Administrators,1314,"Review workflow charts developed by programmer analyst to understand tasks computer will perform, such as updating records.",Supplemental,Aug-23,3,3,2.78,73.62,107440.0,73180.0,['Getting Information'],['4.A.1.a.1']
15-1243.00,Database Architects,16108,"Develop data models for applications, metadata tables, views or related database structures.",Core,Aug-23,4,4,4.1,100.0,142620.0,64770.0,['Thinking Creatively'],['4.A.2.b.2']
15-1243.00,Database Architects,16111,"Demonstrate database technical functionality, such as performance, security and reliability.",Core,Aug-23,4,4,3.76,100.0,142620.0,64770.0,"['Judging the Qualities of Objects, Services, or People']",['4.A.2.a.1']
15-1243.00,Database Architects,16104,Identify and correct deviations from database development standards.,Core,Aug-23,4,4,3.57,100.0,142620.0,64770.0,['Working with Computers'],['4.A.3.b.1']
15-1243.00,Database Architects,16106,"Develop or maintain archived procedures, procedural codes, or queries for applications.",Core,Aug-23,3,3,3.25,95.24,142620.0,64770.0,['Developing Objectives and Strategies'],['4.A.2.b.4']
15-1243.01,Data Warehousing Specialists,16132,"Develop data warehouse process models, including sourcing, loading, transformation, and extraction.",Core,Aug-18,5,5,4.43,100.0,,,['Thinking Creatively'],['4.A.2.b.2']
15-1243.01,Data Warehousing Specialists,16121,"Verify the structure, accuracy, or quality of warehouse data.",Core,Aug-18,5,5,4.43,100.0,,,['Processing Information'],['4.A.2.a.2']
15-1243.01,Data Warehousing Specialists,16124,"Map data between source systems, data warehouses, and data marts.",Core,Aug-18,4,4,4.22,100.0,,,['Thinking Creatively'],['4.A.2.b.2']
15-1243.01,Data Warehousing Specialists,16126,"Develop and implement data extraction procedures from other systems, such as administration, billing, or claims.",Core,Aug-18,3,3,4.13,100.0,,,['Developing Objectives and Strategies'],['4.A.2.b.4']
15-1243.01,Data Warehousing Specialists,16128,Design and implement warehouse database structures.,Core,Aug-18,4,4,4.09,100.0,,,['Thinking Creatively'],['4.A.2.b.2']
15-1243.01,Data Warehousing Specialists,16118,Provide or coordinate troubleshooting support for data warehouses.,Core,Aug-18,3,3,3.91,100.0,,,['Working with Computers'],['4.A.3.b.1']
15-1243.01,Data Warehousing Specialists,16120,"Write new programs or modify existing programs to meet customer requirements, using current programming languages and technologies.",Core,Aug-18,5,5,3.91,100.0,,,"['Thinking Creatively', 'Working with Computers']","['4.A.2.b.2', '4.A.3.b.1']"
15-1243.01,Data Warehousing Specialists,16123,"Perform system analysis, data analysis or programming, using a variety of computer languages and procedures.",Core,Aug-18,5,5,3.83,100.0,,,"['Analyzing Data or Information', 'Thinking Creatively', 'Working with Computers']","['4.A.2.a.4', '4.A.2.b.2', '4.A.3.b.1']"
15-1243.01,Data Warehousing Specialists,16130,"Create plans, test files, and scripts for data warehouse testing, ranging from unit to integration testing.",Core,Aug-18,3,3,3.61,100.0,,,['Developing Objectives and Strategies'],['4.A.2.b.4']
15-1243.01,Data Warehousing Specialists,16125,"Implement business rules via stored procedures, middleware, or other technologies.",Core,Aug-18,3,3,3.55,95.65,,,"['Making Decisions and Solving Problems', 'Thinking Creatively']","['4.A.2.b.1', '4.A.2.b.2']"
15-1243.01,Data Warehousing Specialists,16119,Prepare functional or technical documentation for data warehouses.,Core,Aug-18,3,3,3.32,95.65,,,['Documenting/Recording Information'],['4.A.3.b.6']
15-1244.00,Network and Computer Systems Administrators,1318,"Maintain and administer computer networks and related computing environments, including computer hardware, systems software, applications software, and all configurations.",Core,Jul-17,6,6,4.27,97.19,101190.0,318570.0,['Repairing and Maintaining Mechanical Equipment'],['4.A.3.b.4']
15-1244.00,Network and Computer Systems Administrators,1317,Perform data backups and disaster recovery operations.,Core,Jul-17,5,5,4.14,87.93,101190.0,318570.0,['Working with Computers'],['4.A.3.b.1']
15-1244.00,Network and Computer Systems Administrators,15206,"Configure, monitor, and maintain email applications or virus protection software.",Core,Jul-17,5,5,3.97,87.51,101190.0,318570.0,['Working with Computers'],['4.A.3.b.1']
15-1244.00,Network and Computer Systems Administrators,1320,Operate master consoles to monitor the performance of computer systems and networks and to coordinate computer network access and use.,Core,Jul-17,5,5,3.87,84.6,101190.0,318570.0,"['Monitoring Processes, Materials, or Surroundings']",['4.A.1.a.2']
15-1244.00,Network and Computer Systems Administrators,1325,Monitor network performance to determine whether adjustments are needed and where changes will be needed in the future.,Core,Jul-17,5,5,3.77,90.74,101190.0,318570.0,"['Monitoring Processes, Materials, or Surroundings']",['4.A.1.a.2']
15-1244.00,Network and Computer Systems Administrators,1319,"Plan, coordinate, and implement network security measures to protect data, software, and hardware.",Core,Jul-17,3,3,3.74,86.23,101190.0,318570.0,"['Developing Objectives and Strategies', 'Working with Computers']","['4.A.2.b.4', '4.A.3.b.1']"
15-1244.00,Network and Computer Systems Administrators,1329,Analyze equipment performance records to determine the need for repair or replacement.,Core,Jul-17,3,3,3.65,79.22,101190.0,318570.0,['Analyzing Data or Information'],['4.A.2.a.4']
15-1244.00,Network and Computer Systems Administrators,1323,"Recommend changes to improve systems and network configurations, and determine hardware or software requirements related to such changes.",Core,Jul-17,3,3,3.57,89.68,101190.0,318570.0,"['Analyzing Data or Information', 'Making Decisions and Solving Problems', 'Providing Consultation and Advice to Others']","['4.A.2.a.4', '4.A.2.b.1', '4.A.4.b.6']"
15-1244.00,Network and Computer Systems Administrators,1322,"Design, configure, and test computer hardware, networking software and operating system software.",Core,Jul-17,3,3,3.56,90.87,101190.0,318570.0,"['Inspecting Equipment, Structures, or Materials', 'Thinking Creatively']","['4.A.1.b.2', '4.A.2.b.2']"
15-1244.00,Network and Computer Systems Administrators,1321,"Perform routine network startup and shutdown procedures, and maintain control records.",Core,Jul-17,3,3,3.41,91.68,101190.0,318570.0,"['Repairing and Maintaining Mechanical Equipment', 'Documenting/Recording Information']","['4.A.3.b.4', '4.A.3.b.6']"
15-1244.00,Network and Computer Systems Administrators,1330,"Maintain logs related to network functions, as well as maintenance and repair records.",Core,Jul-17,3,3,3.27,76.65,101190.0,318570.0,['Documenting/Recording Information'],['4.A.3.b.6']
15-1244.00,Network and Computer Systems Administrators,1328,"Gather data pertaining to customer needs, and use the information to identify, predict, interpret, and evaluate system and network requirements.",Core,Jul-17,3,3,3.17,87.78,101190.0,318570.0,"['Getting Information', 'Analyzing Data or Information', 'Making Decisions and Solving Problems']","['4.A.1.a.1', '4.A.2.a.4', '4.A.2.b.1']"
15-1244.00,Network and Computer Systems Administrators,15208,"Implement and provide technical support for voice services and equipment, such as private branch exchange, voice mail system, and telecom system.",Supplemental,Jul-17,5,5,3.59,59.49,101190.0,318570.0,['Providing Consultation and Advice to Others'],['4.A.4.b.6']
15-1251.00,Computer Programmers,1273,"Write, analyze, review, and rewrite programs, using workflow chart and diagram, and applying knowledge of computer capabilities, subject matter, and symbolic logic.",Core,Aug-18,7,7,4.42,93.78,103640.0,109870.0,"['Thinking Creatively', 'Working with Computers']","['4.A.2.b.2', '4.A.3.b.1']"
15-1251.00,Computer Programmers,1267,Correct errors by making appropriate changes and rechecking the program to ensure that the desired results are produced.,Core,Aug-18,6,6,4.38,93.87,103640.0,109870.0,"['Inspecting Equipment, Structures, or Materials', 'Working with Computers']","['4.A.1.b.2', '4.A.3.b.1']"
15-1251.00,Computer Programmers,1272,"Perform or direct revision, repair, or expansion of existing programs to increase operating efficiency or adapt to new requirements.",Core,Aug-18,5,5,4.37,100.0,103640.0,109870.0,['Thinking Creatively'],['4.A.2.b.2']
15-1251.00,Computer Programmers,1270,"Write, update, and maintain computer programs or software packages to handle specific jobs such as tracking inventory, storing or retrieving data, or controlling other equipment.",Core,Aug-18,6,6,4.15,88.75,103640.0,109870.0,"['Thinking Creatively', 'Working with Computers']","['4.A.2.b.2', '4.A.3.b.1']"
15-1251.00,Computer Programmers,1276,"Prepare detailed workflow charts and diagrams that describe input, output, and logical operation, and convert them into a series of instructions coded in a computer language.",Core,Aug-18,3,3,3.58,86.57,103640.0,109870.0,['Thinking Creatively'],['4.A.2.b.2']
15-1251.00,Computer Programmers,1269,"Compile and write documentation of program development and subsequent revisions, inserting comments in the coded instructions so others can understand the program.",Core,Aug-18,5,5,3.56,99.79,103640.0,109870.0,['Documenting/Recording Information'],['4.A.3.b.6']
15-1251.00,Computer Programmers,1277,Perform systems analysis and programming tasks to maintain and control the use of computer systems software as a systems programmer.,Core,Aug-18,5,5,3.28,69.44,103640.0,109870.0,"['Inspecting Equipment, Structures, or Materials']",['4.A.1.b.2']
15-1251.00,Computer Programmers,1274,Write or contribute to instructions or manuals to guide end users.,Core,Aug-18,4,4,3.27,85.01,103640.0,109870.0,['Documenting/Recording Information'],['4.A.3.b.6']
15-1251.00,Computer Programmers,1275,"Investigate whether networks, workstations, the central processing unit of the system, or peripheral equipment are responding to a program's instructions.",Core,Aug-18,3,3,3.26,67.74,103640.0,109870.0,"['Inspecting Equipment, Structures, or Materials']",['4.A.1.b.2']
15-1251.00,Computer Programmers,1279,"Assign, coordinate, and review work and activities of programming personnel.",Core,Aug-18,4,4,3.22,70.93,103640.0,109870.0,"['Guiding, Directing, and Motivating Subordinates']",['4.A.4.b.4']
15-1251.00,Computer Programmers,21049,Develop Web sites.,Supplemental,Aug-18,5,5,3.24,50.27,103640.0,109870.0,['Thinking Creatively'],['4.A.2.b.2']
15-1253.00,Software Quality Assurance Analysts and Testers,14642,"Identify, analyze, and document problems with program function, output, online screen, or content.",Core,Aug-22,6,6,4.7,100.0,110260.0,199800.0,"['Analyzing Data or Information', 'Working with Computers', 'Documenting/Recording Information']","['4.A.2.a.4', '4.A.3.b.1', '4.A.3.b.6']"
15-1253.00,Software Quality Assurance Analysts and Testers,14641,"Document software defects, using a bug tracking system, and report defects to software developers.",Core,Aug-22,6,6,4.68,100.0,110260.0,199800.0,"['Processing Information', 'Communicating with Supervisors, Peers, or Subordinates']","['4.A.2.a.2', '4.A.4.a.2']"
15-1253.00,Software Quality Assurance Analysts and Testers,14640,"Develop testing programs that address areas such as database impacts, software scenarios, regression testing, negative testing, error or bug retests, or usability.",Core,Aug-22,3,3,4.52,97.06,110260.0,199800.0,['Developing Objectives and Strategies'],['4.A.2.b.4']
15-1253.00,Software Quality Assurance Analysts and Testers,14638,"Design test plans, scenarios, scripts, or procedures.",Core,Aug-22,3,3,4.35,100.0,110260.0,199800.0,['Developing Objectives and Strategies'],['4.A.2.b.4']
15-1253.00,Software Quality Assurance Analysts and Testers,14648,Document test procedures to ensure replicability and compliance with standards.,Core,Aug-22,5,5,4.3,100.0,110260.0,199800.0,['Documenting/Recording Information'],['4.A.3.b.6']
15-1253.00,Software Quality Assurance Analysts and Testers,14653,Provide feedback and recommendations to developers on software usability and functionality.,Core,Aug-22,4,4,4.27,97.06,110260.0,199800.0,['Providing Consultation and Advice to Others'],['4.A.4.b.6']
15-1253.00,Software Quality Assurance Analysts and Testers,14652,"Install, maintain, or use software testing programs.",Core,Aug-22,6,6,4.26,100.0,110260.0,199800.0,['Working with Computers'],['4.A.3.b.1']
15-1253.00,Software Quality Assurance Analysts and Testers,14639,Test system modifications to prepare for implementation.,Core,Aug-22,3,3,4.21,97.06,110260.0,199800.0,"['Inspecting Equipment, Structures, or Materials']",['4.A.1.b.2']
15-1253.00,Software Quality Assurance Analysts and Testers,14644,Create or maintain databases of known test defects.,Core,Aug-22,5,5,4.15,100.0,110260.0,199800.0,['Thinking Creatively'],['4.A.2.b.2']
15-1253.00,Software Quality Assurance Analysts and Testers,14649,"Develop or specify standards, methods, or procedures to determine product quality or release readiness.",Core,Aug-22,3,3,4.12,97.06,110260.0,199800.0,['Thinking Creatively'],['4.A.2.b.2']
15-1253.00,Software Quality Assurance Analysts and Testers,14643,Monitor bug resolution efforts and track successes.,Core,Aug-22,5,5,4.12,100.0,110260.0,199800.0,"['Monitoring Processes, Materials, or Surroundings', 'Documenting/Recording Information']","['4.A.1.a.2', '4.A.3.b.6']"
15-1253.00,Software Quality Assurance Analysts and Testers,14650,Update automated test scripts to ensure currency.,Core,Aug-22,4,4,4.09,94.12,110260.0,199800.0,['Developing Objectives and Strategies'],['4.A.2.b.4']
15-1253.00,Software Quality Assurance Analysts and Testers,14645,Plan test schedules or strategies in accordance with project scope or delivery dates.,Core,Aug-22,3,3,4.0,100.0,110260.0,199800.0,"['Developing Objectives and Strategies', 'Organizing, Planning, and Prioritizing Work']","['4.A.2.b.4', '4.A.2.b.6']"
15-1253.00,Software Quality Assurance Analysts and Testers,14654,Monitor program performance to ensure efficient and problem-free operations.,Core,Aug-22,4,4,3.97,100.0,110260.0,199800.0,"['Monitoring Processes, Materials, or Surroundings']",['4.A.1.a.2']
15-1253.00,Software Quality Assurance Analysts and Testers,14655,"Conduct software compatibility tests with programs, hardware, operating systems, or network environments.",Core,Aug-22,3,3,3.88,100.0,110260.0,199800.0,"['Inspecting Equipment, Structures, or Materials']",['4.A.1.b.2']
15-1253.00,Software Quality Assurance Analysts and Testers,14647,"Review software documentation to ensure technical accuracy, compliance, or completeness, or to mitigate risks.",Core,Aug-22,3,3,3.71,100.0,110260.0,199800.0,"['Guiding, Directing, and Motivating Subordinates']",['4.A.4.b.4']
15-1253.00,Software Quality Assurance Analysts and Testers,14658,"Identify program deviance from standards, and suggest modifications to ensure compliance.",Core,Aug-22,4,4,3.7,97.06,110260.0,199800.0,"['Inspecting Equipment, Structures, or Materials', 'Providing Consultation and Advice to Others']","['4.A.1.b.2', '4.A.4.b.6']"
15-1253.00,Software Quality Assurance Analysts and Testers,14661,"Perform initial debugging procedures by reviewing configuration files, logs, or code pieces to determine breakdown source.",Core,Aug-22,4,4,3.66,85.29,110260.0,199800.0,"['Getting Information', 'Inspecting Equipment, Structures, or Materials']","['4.A.1.a.1', '4.A.1.b.2']"
15-1253.00,Software Quality Assurance Analysts and Testers,14664,Conduct historical analyses of test results.,Core,Aug-22,3,3,3.29,100.0,110260.0,199800.0,['Analyzing Data or Information'],['4.A.2.a.4']
15-1254.00,Web Developers,14707,Write supporting code for Web applications or Web sites.,Core,Jul-17,7,7,4.58,100.0,98790.0,78860.0,"['Thinking Creatively', 'Working with Computers']","['4.A.2.b.2', '4.A.3.b.1']"
15-1254.00,Web Developers,14694,"Design, build, or maintain Web sites, using authoring or scripting languages, content creation tools, management tools, and digital media.",Core,Jul-17,5,5,4.42,100.0,98790.0,78860.0,"['Thinking Creatively', 'Working with Computers']","['4.A.2.b.2', '4.A.3.b.1']"
15-1254.00,Web Developers,14698,Back up files from Web sites to local directories for instant recovery in case of problems.,Core,Jul-17,5,5,4.35,95.83,98790.0,78860.0,['Working with Computers'],['4.A.3.b.1']
15-1254.00,Web Developers,14700,"Evaluate code to ensure that it is valid, is properly structured, meets industry standards, and is compatible with browsers, devices, or operating systems.",Core,Jul-17,4,4,4.09,95.83,98790.0,78860.0,"['Inspecting Equipment, Structures, or Materials']",['4.A.1.b.2']
15-1254.00,Web Developers,14710,"Perform Web site tests according to planned schedules, or after any Web site or product revision.",Core,Jul-17,3,3,4.04,95.83,98790.0,78860.0,"['Inspecting Equipment, Structures, or Materials']",['4.A.1.b.2']
15-1254.00,Web Developers,14695,Perform or direct Web site updates.,Core,Jul-17,3,3,4.0,100.0,98790.0,78860.0,['Working with Computers'],['4.A.3.b.1']
15-1254.00,Web Developers,14713,"Respond to user email inquiries, or set up automated systems to send responses.",Core,Jul-17,5,5,3.67,100.0,98790.0,78860.0,['Communicating with People Outside the Organization'],['4.A.4.a.3']
15-1254.00,Web Developers,14708,Communicate with network personnel or Web site hosting agencies to address hardware or software issues affecting Web sites.,Core,Jul-17,3,3,3.57,87.5,98790.0,78860.0,"['Communicating with Supervisors, Peers, or Subordinates', 'Providing Consultation and Advice to Others']","['4.A.4.a.2', '4.A.4.b.6']"
15-1254.00,Web Developers,14717,Establish appropriate server directory trees.,Core,Jul-17,3,3,3.47,87.5,98790.0,78860.0,['Working with Computers'],['4.A.3.b.1']
15-1254.00,Web Developers,14719,Recommend and implement performance improvements.,Core,Jul-17,3,3,3.39,100.0,98790.0,78860.0,['Providing Consultation and Advice to Others'],['4.A.4.b.6']
15-1254.00,Web Developers,14714,Develop or implement procedures for ongoing Web site revision.,Core,Jul-17,3,3,3.29,100.0,98790.0,78860.0,['Thinking Creatively'],['4.A.2.b.2']
15-1254.00,Web Developers,14722,"Provide clear, detailed descriptions of Web site specifications, such as product features, activities, software, communication protocols, programming languages, and operating systems software and hardware.",Core,Jul-17,3,3,3.18,95.83,98790.0,78860.0,['Thinking Creatively'],['4.A.2.b.2']
15-1254.00,Web Developers,14723,Monitor security system performance logs to identify problems and notify security specialists when problems occur.,Supplemental,Jul-17,3,3,3.73,66.67,98790.0,78860.0,"['Monitoring Processes, Materials, or Surroundings', 'Communicating with Supervisors, Peers, or Subordinates']","['4.A.1.a.2', '4.A.4.a.2']"
15-1255.01,Video Game Designers,16199,Balance and adjust gameplay experiences to ensure the critical and commercial success of the product.,Core,Aug-22,5,5,4.65,100.0,,,['Thinking Creatively'],['4.A.2.b.2']
15-1255.01,Video Game Designers,16208,"Devise missions, challenges, or puzzles to be encountered in game play.",Core,Aug-22,4,4,4.45,100.0,,,['Thinking Creatively'],['4.A.2.b.2']
15-1255.01,Video Game Designers,16217,"Create core game features, including storylines, role-play mechanics, and character biographies for a new video game or game franchise.",Core,Aug-22,4,4,4.45,100.0,,,['Thinking Creatively'],['4.A.2.b.2']
15-1255.01,Video Game Designers,16201,"Solicit, obtain, and integrate feedback from design and technical staff into original game design.",Core,Aug-22,4,4,4.4,100.0,,,"['Communicating with Supervisors, Peers, or Subordinates']",['4.A.4.a.2']
15-1255.01,Video Game Designers,16214,Conduct regular design reviews throughout the game development process.,Core,Aug-22,3,3,4.4,100.0,,,"['Inspecting Equipment, Structures, or Materials']",['4.A.1.b.2']
15-1255.01,Video Game Designers,16209,"Develop and maintain design level documentation, including mechanics, guidelines, and mission outlines.",Core,Aug-22,3,3,4.35,100.0,,,"['Thinking Creatively', 'Documenting/Recording Information']","['4.A.2.b.2', '4.A.3.b.6']"
15-1255.01,Video Game Designers,16198,Provide feedback to designers and other colleagues regarding game design features.,Core,Aug-22,5,5,4.2,100.0,,,"['Communicating with Supervisors, Peers, or Subordinates']",['4.A.4.a.2']
15-1255.01,Video Game Designers,16212,"Create and manage documentation, production schedules, prototyping goals, and communication plans in collaboration with production staff.",Core,Aug-22,4,4,4.2,100.0,,,"['Guiding, Directing, and Motivating Subordinates']",['4.A.4.b.4']
15-1255.01,Video Game Designers,16202,Provide feedback to production staff regarding technical game qualities or adherence to original design.,Core,Aug-22,4,4,4.11,95.0,,,"['Communicating with Supervisors, Peers, or Subordinates']",['4.A.4.a.2']
15-1255.01,Video Game Designers,16211,Create gameplay prototypes for presentation to creative and technical staff and management.,Core,Aug-22,3,3,4.0,95.0,,,['Thinking Creatively'],['4.A.2.b.2']
15-1255.01,Video Game Designers,16203,Prepare two-dimensional concept layouts or three-dimensional mock-ups.,Core,Aug-22,3,3,3.78,95.0,,,['Thinking Creatively'],['4.A.2.b.2']
15-1255.01,Video Game Designers,16194,"Review or evaluate competitive products, film, music, television, and other art forms to generate new game design ideas.",Core,Aug-22,3,3,3.6,100.0,,,['Analyzing Data or Information'],['4.A.2.a.4']
15-1255.01,Video Game Designers,16200,Write or supervise the writing of game text and dialogue.,Core,Aug-22,3,3,3.6,100.0,,,"['Thinking Creatively', 'Guiding, Directing, and Motivating Subordinates']","['4.A.2.b.2', '4.A.4.b.4']"
15-1255.01,Video Game Designers,16210,"Determine supplementary virtual features, such as currency, item catalog, menu design, and audio direction.",Core,Aug-22,3,3,3.5,100.0,,,['Thinking Creatively'],['4.A.2.b.2']
15-1255.01,Video Game Designers,16205,Prepare and revise initial game sketches using two- and three-dimensional graphical design software.,Core,Aug-22,3,3,3.5,80.0,,,['Thinking Creatively'],['4.A.2.b.2']
15-1255.01,Video Game Designers,16197,Create gameplay test plans for internal and external test groups.,Core,Aug-22,3,3,3.28,90.0,,,['Developing Objectives and Strategies'],['4.A.2.b.4']
15-1299.01,Web Administrators,14734,"Monitor systems for intrusions or denial of service attacks, and report security breaches to appropriate personnel.",Core,Aug-18,5,5,4.79,95.0,,,"['Monitoring Processes, Materials, or Surroundings', 'Communicating with Supervisors, Peers, or Subordinates']","['4.A.1.a.2', '4.A.4.a.2']"
15-1299.01,Web Administrators,14731,Back up or modify applications and related data to provide for disaster recovery.,Core,Aug-18,5,5,4.6,75.0,,,"['Thinking Creatively', 'Working with Computers']","['4.A.2.b.2', '4.A.3.b.1']"
15-1299.01,Web Administrators,14758,"Correct testing-identified problems, or recommend actions for their resolution.",Core,Aug-18,5,5,4.45,100.0,,,"['Working with Computers', 'Providing Consultation and Advice to Others']","['4.A.3.b.1', '4.A.4.b.6']"
15-1299.01,Web Administrators,14732,"Determine sources of Web page or server problems, and take action to correct such problems.",Core,Aug-18,5,5,4.32,95.0,,,['Working with Computers'],['4.A.3.b.1']
15-1299.01,Web Administrators,14740,"Implement updates, upgrades, and patches in a timely manner to limit loss of service.",Core,Aug-18,3,3,4.25,80.0,,,"['Working with Computers', 'Repairing and Maintaining Mechanical Equipment']","['4.A.3.b.1', '4.A.3.b.4']"
15-1299.01,Web Administrators,14750,"Test issues such as system integration, performance, and system security on a regular schedule or after any major program modifications.",Core,Aug-18,3,3,4.06,85.0,,,"['Inspecting Equipment, Structures, or Materials']",['4.A.1.b.2']
15-1299.01,Web Administrators,14749,"Track, compile, and analyze Web site usage data.",Core,Aug-18,3,3,4.0,100.0,,,['Analyzing Data or Information'],['4.A.2.a.4']
15-1299.01,Web Administrators,14733,"Review or update Web page content or links in a timely manner, using appropriate tools.",Core,Aug-18,5,5,3.89,95.0,,,['Working with Computers'],['4.A.3.b.1']
15-1299.01,Web Administrators,14743,"Install or configure Web server software or hardware to ensure that directory structure is well-defined, logical, and secure, and that files are named properly.",Core,Aug-18,3,3,3.89,90.0,,,['Working with Computers'],['4.A.3.b.1']
15-1299.01,Web Administrators,14744,"Gather, analyze, or document user feedback to locate or resolve sources of problems.",Core,Aug-18,3,3,3.85,100.0,,,"['Analyzing Data or Information', 'Documenting/Recording Information']","['4.A.2.a.4', '4.A.3.b.6']"
15-1299.01,Web Administrators,14762,Set up or maintain monitoring tools on Web servers or Web sites.,Core,Aug-18,3,3,3.83,90.0,,,['Thinking Creatively'],['4.A.2.b.2']
15-1299.01,Web Administrators,14745,Develop Web site performance metrics.,Core,Aug-18,3,3,3.74,95.0,,,['Thinking Creatively'],['4.A.2.b.2']
15-1299.01,Web Administrators,14742,"Collaborate with Web developers to create and operate internal and external Web sites, or to manage projects, such as e-marketing campaigns.",Core,Aug-18,3,3,3.72,90.0,,,"['Communicating with Supervisors, Peers, or Subordinates']",['4.A.4.a.2']
15-1299.01,Web Administrators,14746,Identify or address interoperability requirements.,Core,Aug-18,3,3,3.72,90.0,,,['Making Decisions and Solving Problems'],['4.A.2.b.1']
15-1299.01,Web Administrators,14763,Develop testing routines and procedures.,Core,Aug-18,3,3,3.47,95.0,,,['Developing Objectives and Strategies'],['4.A.2.b.4']
15-1299.01,Web Administrators,14736,"Administer internet or intranet infrastructure, including Web, file, and mail servers.",Supplemental,Aug-18,5,5,3.82,55.0,,,['Repairing and Maintaining Mechanical Equipment'],['4.A.3.b.4']
15-1299.02,Geographic Information Systems Technologists and Technicians,21715,"Produce data layers, maps, tables, or reports, using spatial analysis procedures or Geographic Information Systems (GIS) technology, equipment, or systems.",Core,Nov-20,5,5,4.61,100.0,,,"['Thinking Creatively', 'Documenting/Recording Information']","['4.A.2.b.2', '4.A.3.b.6']"
15-1299.02,Geographic Information Systems Technologists and Technicians,21716,"Design or prepare graphic representations of Geographic Information Systems (GIS) data, using GIS hardware or software applications.",Core,Nov-20,5,5,4.53,96.24,,,['Thinking Creatively'],['4.A.2.b.2']
15-1299.02,Geographic Information Systems Technologists and Technicians,21717,Maintain or modify existing Geographic Information Systems (GIS) databases.,Core,Nov-20,4,4,4.4,98.31,,,"['Thinking Creatively', 'Working with Computers']","['4.A.2.b.2', '4.A.3.b.1']"
15-1299.02,Geographic Information Systems Technologists and Technicians,21719,"Perform computer programming, data analysis, or software development for Geographic Information Systems (GIS) applications, including the maintenance of existing systems or research and development for future enhancements.",Core,Nov-20,5,5,4.24,91.3,,,"['Thinking Creatively', 'Working with Computers']","['4.A.2.b.2', '4.A.3.b.1']"
15-1299.02,Geographic Information Systems Technologists and Technicians,21720,"Enter data into Geographic Information Systems (GIS) databases, using techniques such as coordinate geometry, keyboard entry of tabular data, manual digitizing of maps, scanning or automatic conversion to vectors, or conversion of other sources of digital data.",Core,Nov-20,3,3,4.08,99.13,,,['Working with Computers'],['4.A.3.b.1']
15-1299.02,Geographic Information Systems Technologists and Technicians,21721,"Review existing or incoming data for currency, accuracy, usefulness, quality, or completeness of documentation.",Core,Nov-20,3,3,4.06,99.56,,,['Processing Information'],['4.A.2.a.2']
15-1299.02,Geographic Information Systems Technologists and Technicians,21722,"Perform geospatial data building, modeling, or analysis, using advanced spatial analysis, data manipulation, or cartography software.",Core,Nov-20,4,4,4.03,99.56,,,['Thinking Creatively'],['4.A.2.b.2']
15-1299.02,Geographic Information Systems Technologists and Technicians,21723,Design or coordinate the development of integrated Geographic Information Systems (GIS) spatial or non-spatial databases.,Core,Nov-20,3,3,4.01,91.59,,,['Thinking Creatively'],['4.A.2.b.2']
15-1299.02,Geographic Information Systems Technologists and Technicians,21724,Perform integrated or computerized Geographic Information Systems (GIS) analyses to address scientific problems.,Core,Nov-20,3,3,4.0,86.96,,,['Analyzing Data or Information'],['4.A.2.a.4']
15-1299.02,Geographic Information Systems Technologists and Technicians,21725,Select cartographic elements needed for effective presentation of information.,Core,Nov-20,5,5,3.98,100.0,,,['Thinking Creatively'],['4.A.2.b.2']
15-1299.02,Geographic Information Systems Technologists and Technicians,21726,"Provide technical support to users or clients regarding the maintenance, development, or operation of Geographic Information Systems (GIS) databases, equipment, or applications.",Core,Nov-20,3,3,3.97,92.91,,,['Providing Consultation and Advice to Others'],['4.A.4.b.6']
15-1299.02,Geographic Information Systems Technologists and Technicians,21728,Interpret aerial or ortho photographs.,Core,Nov-20,4,4,3.9,81.93,,,['Analyzing Data or Information'],['4.A.2.a.4']
15-1299.02,Geographic Information Systems Technologists and Technicians,21730,"Document, design, code, or test Geographic Information Systems (GIS) models, internet mapping solutions, or other applications.",Core,Nov-20,3,3,3.73,95.65,,,"['Inspecting Equipment, Structures, or Materials', 'Thinking Creatively', 'Documenting/Recording Information']","['4.A.1.b.2', '4.A.2.b.2', '4.A.3.b.6']"
15-1299.02,Geographic Information Systems Technologists and Technicians,21731,"Create, analyze, report, convert, or transfer data, using specialized applications program software.",Core,Nov-20,4,4,3.71,91.3,,,"['Analyzing Data or Information', 'Working with Computers']","['4.A.2.a.4', '4.A.3.b.1']"
15-1299.02,Geographic Information Systems Technologists and Technicians,21733,"Design, program, or model Geographic Information Systems (GIS) applications or procedures.",Core,Nov-20,3,3,3.57,91.3,,,"['Thinking Creatively', 'Working with Computers']","['4.A.2.b.2', '4.A.3.b.1']"
15-1299.02,Geographic Information Systems Technologists and Technicians,21737,"Create visual representations of geospatial data, using complex procedures such as analytical modeling, three-dimensional renderings, or plot creation.",Core,Nov-20,4,4,3.36,95.65,,,['Thinking Creatively'],['4.A.2.b.2']
15-1299.02,Geographic Information Systems Technologists and Technicians,21738,Transfer or rescale information from original photographs onto maps or other photographs.,Core,Nov-20,5,5,3.33,84.81,,,['Thinking Creatively'],['4.A.2.b.2']
15-1299.03,Document Management Specialists,16239,"Identify and classify documents or other electronic content according to characteristics such as security level, function, and metadata.",Core,Aug-21,4,4,4.21,95.0,,,['Working with Computers'],['4.A.3.b.1']
15-1299.03,Document Management Specialists,16219,Monitor regulatory activity to maintain compliance with records and document management laws.,Core,Aug-21,3,3,3.89,90.0,,,"['Monitoring Processes, Materials, or Surroundings']",['4.A.1.a.2']
15-1299.03,Document Management Specialists,16222,"Retrieve electronic assets from repository for distribution to users, collecting and returning to repository, if necessary.",Core,Aug-21,4,4,3.86,70.0,,,['Getting Information'],['4.A.1.a.1']
15-1299.03,Document Management Specialists,16230,Consult with end users regarding problems in accessing electronic content.,Core,Aug-21,4,4,3.61,90.0,,,['Providing Consultation and Advice to Others'],['4.A.4.b.6']
15-1299.03,Document Management Specialists,16236,Operate data capture technology to import digitized documents into document management system.,Core,Aug-21,4,4,3.53,75.0,,,['Developing Objectives and Strategies'],['4.A.2.b.4']
15-1299.03,Document Management Specialists,16221,"Search electronic sources, such as databases or repositories, or manual sources for information.",Core,Aug-21,5,5,3.41,85.0,,,['Getting Information'],['4.A.1.a.1']
15-1299.03,Document Management Specialists,16235,"Analyze, interpret, or disseminate system performance data.",Supplemental,Aug-21,3,3,2.81,80.0,,,['Analyzing Data or Information'],['4.A.2.a.4']
15-1299.08,Computer Systems Engineers/Architects,14677,"Investigate system component suitability for specified purposes, and make recommendations regarding component use.",Core,Aug-24,5,5,4.19,95.45,,,"['Judging the Qualities of Objects, Services, or People', 'Providing Consultation and Advice to Others']","['4.A.2.a.1', '4.A.4.b.6']"
15-1299.08,Computer Systems Engineers/Architects,14675,Monitor system operation to detect potential problems.,Core,Aug-24,5,5,4.09,100.0,,,"['Monitoring Processes, Materials, or Surroundings']",['4.A.1.a.2']
15-1299.08,Computer Systems Engineers/Architects,14673,"Identify system data, hardware, or software components required to meet user needs.",Core,Aug-24,3,3,3.95,100.0,,,['Making Decisions and Solving Problems'],['4.A.2.b.1']
15-1299.08,Computer Systems Engineers/Architects,14686,"Research, test, or verify proper functioning of software patches and fixes.",Core,Aug-24,3,3,3.91,100.0,,,"['Getting Information', 'Inspecting Equipment, Structures, or Materials']","['4.A.1.a.1', '4.A.1.b.2']"
15-1299.08,Computer Systems Engineers/Architects,14670,Collaborate with engineers or software developers to select appropriate design solutions or ensure the compatibility of system components.,Core,Aug-24,3,3,3.81,100.0,,,"['Communicating with Supervisors, Peers, or Subordinates', 'Guiding, Directing, and Motivating Subordinates']","['4.A.4.a.2', '4.A.4.b.4']"
15-1299.08,Computer Systems Engineers/Architects,14683,Design and conduct hardware or software tests.,Core,Aug-24,4,4,3.73,100.0,,,"['Inspecting Equipment, Structures, or Materials']",['4.A.1.b.2']
15-1299.08,Computer Systems Engineers/Architects,14672,Provide technical guidance or support for the development or troubleshooting of systems.,Core,Aug-24,5,5,3.64,100.0,,,['Providing Consultation and Advice to Others'],['4.A.4.b.6']
15-1299.08,Computer Systems Engineers/Architects,14681,"Define and analyze objectives, scope, issues, or organizational impact of information systems.",Core,Aug-24,3,3,3.62,95.45,,,['Thinking Creatively'],['4.A.2.b.2']
15-1299.08,Computer Systems Engineers/Architects,14667,"Provide advice on project costs, design concepts, or design changes.",Core,Aug-24,3,3,3.45,100.0,,,['Providing Consultation and Advice to Others'],['4.A.4.b.6']
15-1299.08,Computer Systems Engineers/Architects,14671,"Evaluate current or emerging technologies to consider factors such as cost, portability, compatibility, or usability.",Core,Aug-24,3,3,3.45,95.45,,,"['Judging the Qualities of Objects, Services, or People']",['4.A.2.a.1']
15-1299.08,Computer Systems Engineers/Architects,14687,"Communicate project information through presentations, technical reports, or white papers.",Core,Aug-24,3,3,3.37,86.36,,,"['Documenting/Recording Information', 'Communicating with Supervisors, Peers, or Subordinates']","['4.A.3.b.6', '4.A.4.a.2']"
15-1299.09,Information Technology Project Managers,16157,Monitor or track project milestones and deliverables.,Core,Aug-19,5,5,4.29,100.0,,,"['Monitoring Processes, Materials, or Surroundings']",['4.A.1.a.2']
15-1299.09,Information Technology Project Managers,16152,"Submit project deliverables, ensuring adherence to quality standards.",Core,Aug-19,3,3,4.25,95.24,,,"['Monitoring Processes, Materials, or Surroundings', 'Judging the Qualities of Objects, Services, or People']","['4.A.1.a.2', '4.A.2.a.1']"
15-1299.09,Information Technology Project Managers,16159,"Initiate, review, or approve modifications to project plans.",Core,Aug-19,3,3,4.2,100.0,,,"['Organizing, Planning, and Prioritizing Work']",['4.A.2.b.6']
15-1299.09,Information Technology Project Managers,16170,"Develop or update project plans for information technology projects including information such as project objectives, technologies, systems, information specifications, schedules, funding, and staffing.",Core,Aug-19,4,4,4.05,100.0,,,"['Organizing, Planning, and Prioritizing Work']",['4.A.2.b.6']
15-1299.09,Information Technology Project Managers,16151,Perform risk assessments to develop response strategies.,Core,Aug-19,4,4,4.05,100.0,,,['Analyzing Data or Information'],['4.A.2.a.4']
15-1299.09,Information Technology Project Managers,16168,"Prepare project status reports by collecting, analyzing, and summarizing information and trends.",Core,Aug-19,3,3,4.0,100.0,,,"['Analyzing Data or Information', 'Documenting/Recording Information']","['4.A.2.a.4', '4.A.3.b.6']"
15-1299.09,Information Technology Project Managers,16171,Develop and manage work breakdown structure (WBS) of information technology projects.,Core,Aug-19,3,3,3.9,100.0,,,"['Organizing, Planning, and Prioritizing Work', 'Guiding, Directing, and Motivating Subordinates']","['4.A.2.b.6', '4.A.4.b.4']"
15-1299.09,Information Technology Project Managers,16167,"Assign duties, responsibilities, and spans of authority to project personnel.",Core,Aug-19,4,4,3.79,100.0,,,"['Guiding, Directing, and Motivating Subordinates']",['4.A.4.b.4']
15-2011.00,Actuaries,3502,"Design, review, and help administer insurance, annuity and pension plans, determining financial soundness and calculating premiums.",Core,Aug-23,5,5,4.4,92.59,134990.0,28340.0,"['Guiding, Directing, and Motivating Subordinates']",['4.A.4.b.4']
15-2021.00,Mathematicians,7373,"Address the relationships of quantities, magnitudes, and forms through the use of numbers and symbols.",Core,Aug-21,5,5,4.39,95.83,122520.0,2220.0,['Analyzing Data or Information'],['4.A.2.a.4']
15-2021.00,Mathematicians,7371,Develop mathematical or statistical models of phenomena to be used for analysis or for computational simulation.,Core,Aug-21,4,4,4.0,91.67,122520.0,2220.0,['Thinking Creatively'],['4.A.2.b.2']
15-2021.00,Mathematicians,7370,Perform computations and apply methods of numerical analysis to data.,Core,Aug-21,4,4,3.83,95.83,122520.0,2220.0,['Analyzing Data or Information'],['4.A.2.a.4']
15-2021.00,Mathematicians,7372,"Assemble sets of assumptions, and explore the consequences of each set.",Core,Aug-21,3,3,3.82,91.67,122520.0,2220.0,['Analyzing Data or Information'],['4.A.2.a.4']
15-2021.00,Mathematicians,7368,Develop computational methods for solving problems that occur in areas of science and engineering or that come from applications in business or industry.,Core,Aug-21,4,4,3.7,95.83,122520.0,2220.0,['Making Decisions and Solving Problems'],['4.A.2.b.1']
15-2031.00,Operations Research Analysts,7382,"Define data requirements, and gather and validate information, applying judgment and statistical tests.",Core,Aug-24,4,4,4.55,95.24,99120.0,107760.0,"['Processing Information', 'Analyzing Data or Information', 'Making Decisions and Solving Problems']","['4.A.2.a.2', '4.A.2.a.4', '4.A.2.b.1']"
15-2031.00,Operations Research Analysts,7380,"Perform validation and testing of models to ensure adequacy, and reformulate models, as necessary.",Core,Aug-24,3,3,4.52,100.0,99120.0,107760.0,['Thinking Creatively'],['4.A.2.b.2']
15-2031.00,Operations Research Analysts,7377,"Formulate mathematical or simulation models of problems, relating constants and variables, restrictions, alternatives, conflicting objectives, and their numerical parameters.",Core,Aug-24,3,3,4.38,100.0,99120.0,107760.0,['Thinking Creatively'],['4.A.2.b.2']
15-2031.00,Operations Research Analysts,7385,"Break systems into their components, assign numerical values to each component, and examine the mathematical relationships between them.",Core,Aug-24,3,3,3.7,100.0,99120.0,107760.0,['Analyzing Data or Information'],['4.A.2.a.4']
15-2041.00,Statisticians,8956,Analyze and interpret statistical data to identify significant differences in relationships among sources of information.,Core,Aug-24,4,4,4.67,100.0,112330.0,29800.0,['Analyzing Data or Information'],['4.A.2.a.4']
15-2041.00,Statisticians,8953,"Report results of statistical analyses, including information in the form of graphs, charts, and tables.",Core,Aug-24,5,5,4.52,100.0,112330.0,29800.0,"['Thinking Creatively', 'Documenting/Recording Information']","['4.A.2.b.2', '4.A.3.b.6']"
15-2041.00,Statisticians,8957,"Prepare data for processing by organizing information, checking for inaccuracies, and adjusting and weighting the raw data.",Core,Aug-24,4,4,4.48,100.0,112330.0,29800.0,"['Processing Information', 'Working with Computers']","['4.A.2.a.2', '4.A.3.b.1']"
15-2041.00,Statisticians,8955,"Identify relationships and trends in data, as well as any factors that could affect the results of research.",Core,Aug-24,5,5,4.33,100.0,112330.0,29800.0,['Analyzing Data or Information'],['4.A.2.a.4']
15-2041.00,Statisticians,8961,"Design research projects that apply valid scientific techniques, and use information obtained from baselines or historical data to structure uncompromised and efficient analyses.",Core,Aug-24,3,3,4.26,90.48,112330.0,29800.0,['Thinking Creatively'],['4.A.2.b.2']
15-2041.00,Statisticians,8954,"Process large amounts of data for statistical modeling and graphic analysis, using computers.",Core,Aug-24,5,5,4.05,100.0,112330.0,29800.0,['Working with Computers'],['4.A.3.b.1']
15-2041.01,Biostatisticians,16265,"Analyze clinical or survey data, using statistical approaches such as longitudinal analysis, mixed-effect modeling, logistic regression analyses, and model-building techniques.",Core,Aug-21,3,3,4.39,100.0,,,['Analyzing Data or Information'],['4.A.2.a.4']
15-2041.01,Biostatisticians,16246,Calculate sample size requirements for clinical studies.,Core,Aug-21,3,3,4.35,95.83,,,['Making Decisions and Solving Problems'],['4.A.2.b.1']
15-2041.01,Biostatisticians,16252,Prepare tables and graphs to present clinical data or results.,Core,Aug-21,3,3,4.3,95.83,,,['Thinking Creatively'],['4.A.2.b.2']
15-2041.01,Biostatisticians,16249,Write program code to analyze data with statistical analysis software.,Core,Aug-21,4,4,4.29,100.0,,,['Working with Computers'],['4.A.3.b.1']
15-2041.01,Biostatisticians,16262,Review clinical or other medical research protocols and recommend appropriate statistical analyses.,Core,Aug-21,3,3,4.18,95.83,,,['Making Decisions and Solving Problems'],['4.A.2.b.1']
15-2041.01,Biostatisticians,16247,"Determine project plans, timelines, or technical objectives for statistical aspects of biological research studies.",Core,Aug-21,3,3,4.17,100.0,,,"['Organizing, Planning, and Prioritizing Work']",['4.A.2.b.6']
15-2041.01,Biostatisticians,16248,Assign work to biostatistical assistants or programmers.,Core,Aug-21,4,4,3.5,91.67,,,"['Guiding, Directing, and Motivating Subordinates']",['4.A.4.b.4']
15-2051.01,Business Intelligence Analysts,16150,"Generate standard or custom reports summarizing business, financial, or economic data for review by executives, managers, clients, and other stakeholders.",Core,Aug-24,4,4,4.64,100.0,,,['Documenting/Recording Information'],['4.A.3.b.6']
15-2051.01,Business Intelligence Analysts,16140,Manage timely flow of business intelligence information to users.,Core,Aug-24,5,5,4.19,100.0,,,['Developing Objectives and Strategies'],['4.A.2.b.4']
15-2051.01,Business Intelligence Analysts,16146,"Collect business intelligence data from available industry reports, public information, field reports, or purchased sources.",Core,Aug-24,3,3,3.68,100.0,,,['Analyzing Data or Information'],['4.A.2.a.4']
15-2051.01,Business Intelligence Analysts,16143,"Disseminate information regarding tools, reports, or metadata enhancements.",Core,Aug-24,3,3,3.65,95.24,,,"['Communicating with Supervisors, Peers, or Subordinates']",['4.A.4.a.2']
15-2051.01,Business Intelligence Analysts,16136,"Identify or monitor current and potential customers, using business intelligence tools.",Core,Aug-24,4,4,3.47,86.36,,,['Analyzing Data or Information'],['4.A.2.a.4']
15-2051.01,Business Intelligence Analysts,16135,"Maintain library of model documents, templates, or other reusable knowledge assets.",Core,Aug-24,3,3,3.41,100.0,,,['Thinking Creatively'],['4.A.2.b.2']
15-2051.02,Clinical Data Managers,16284,"Process clinical data, including receipt, entry, verification, or filing of information.",Core,Jul-16,5,5,4.37,100.0,,,"['Processing Information', 'Working with Computers']","['4.A.2.a.2', '4.A.3.b.1']"
15-2051.02,Clinical Data Managers,16280,"Generate data queries, based on validation checks or errors and omissions identified during data entry, to resolve identified problems.",Core,Jul-16,5,5,4.32,95.0,,,['Analyzing Data or Information'],['4.A.2.a.4']
15-2051.02,Clinical Data Managers,16279,Monitor work productivity or quality to ensure compliance with standard operating procedures.,Core,Jul-16,5,5,4.05,100.0,,,"['Monitoring Processes, Materials, or Surroundings']",['4.A.1.a.2']
15-2051.02,Clinical Data Managers,16277,"Prepare data analysis listings and activity, performance, or progress reports.",Core,Jul-16,3,3,3.95,95.0,,,['Documenting/Recording Information'],['4.A.3.b.6']
15-2051.02,Clinical Data Managers,16283,Analyze clinical data using appropriate statistical tools.,Core,Jul-16,3,3,3.71,70.0,,,['Analyzing Data or Information'],['4.A.2.a.4']
15-2051.02,Clinical Data Managers,16270,Develop technical specifications for data management programming and communicate needs to information technology staff.,Core,Jul-16,3,3,3.65,85.0,,,"['Developing Objectives and Strategies', 'Communicating with Supervisors, Peers, or Subordinates']","['4.A.2.b.4', '4.A.4.a.2']"
15-2051.02,Clinical Data Managers,16274,"Track the flow of work forms, including in-house data flow or electronic forms transfer.",Core,Jul-16,4,4,3.45,100.0,,,['Getting Information'],['4.A.1.a.1']
15-2099.01,Bioinformatics Technicians,17709,"Analyze or manipulate bioinformatics data using software packages, statistical applications, or data mining techniques.",Core,Jul-14,5,5,3.98,94.66,,,['Analyzing Data or Information'],['4.A.2.a.4']
15-2099.01,Bioinformatics Technicians,17715,"Extend existing software programs, web-based interactive tools, or database queries as sequence management and analysis needs evolve.",Core,Jul-14,3,3,3.88,73.79,,,['Thinking Creatively'],['4.A.2.b.2']
15-2099.01,Bioinformatics Technicians,17716,Maintain awareness of new and emerging computational methods and technologies.,Core,Jul-14,4,4,3.87,86.69,,,['Updating and Using Relevant Knowledge'],['4.A.2.b.3']
15-2099.01,Bioinformatics Technicians,17721,Conduct quality analyses of data inputs and resulting analyses or predictions.,Core,Jul-14,5,5,3.82,91.96,,,['Analyzing Data or Information'],['4.A.2.a.4']
15-2099.01,Bioinformatics Technicians,17707,"Enter or retrieve information from structural databases, protein sequence motif databases, mutation databases, genomic databases or gene expression databases.",Core,Jul-14,4,4,3.79,69.05,,,"['Getting Information', 'Working with Computers']","['4.A.1.a.1', '4.A.3.b.1']"
15-2099.01,Bioinformatics Technicians,17712,Design or implement web-based tools for querying large-scale biological databases.,Supplemental,Jul-14,5,5,3.85,57.72,,,['Thinking Creatively'],['4.A.2.b.2']
15-2099.01,Bioinformatics Technicians,17708,"Monitor database performance and perform any necessary maintenance, upgrades, or repairs.",Supplemental,Jul-14,3,3,3.59,56.83,,,"['Judging the Qualities of Objects, Services, or People', 'Repairing and Maintaining Mechanical Equipment']","['4.A.2.a.1', '4.A.3.b.4']"
15-2099.01,Bioinformatics Technicians,17724,"Perform routine system administrative functions, such as troubleshooting, back-ups, or upgrades.",Supplemental,Jul-14,5,5,3.36,58.15,,,['Working with Computers'],['4.A.3.b.1']
15-2099.01,Bioinformatics Technicians,17718,Test new or updated software or tools and provide feedback to developers.,Supplemental,Jul-14,3,3,3.06,61.77,,,['Thinking Creatively'],['4.A.2.b.2']
